Name;Chevaux;Partants;Victoires;Places;Allocation tot.;Prime Prop.;Alloc. + Prime Prop.;Prim. Eleveur;Gain/Part.;Gain/Chev.;Course/Chev.
FH. GRAFFARD (S);155;415;112;223;5231854,00;2145603,00;7377457,00;673172,00;12606,88;33754;3
A. FABRE (S);122;340;76;187;3466967,00;890265,00;4357232,00;253353,00;10196,96;28418;3
AP. O'BRIEN;12;18;3;9;2490880,00;0,00;2490880,00;0,00;138382,22;207573;2
JC. ROUGET (S);89;282;57;154;1587509,00;777412,00;2364921,00;237841,00;5629,46;17837;3
C. FERLAND (S);64;203;31;103;1276908,00;685807,00;1962715,00;167258,00;6290,19;19952;3
HA. PANTALL (S);109;486;51;240;1256765,00;506185,00;1762950,00;153708,00;2585,94;11530;4
J. REYNIER (S);70;282;52;128;1136213,00;523570,00;1659783,00;173391,00;4029,12;16232;4
P. COTTIER;63;335;39;176;1102168,00;591202,00;1693370,00;187825,00;3290,05;17495;5
N. PERRET (S);92;399;41;227;1067344,00;592386,00;1659730,00;176236,00;2675,05;11602;4
Y. BARBEROT (S);80;291;40;133;1030017,00;536828,00;1566845,00;152448,00;3539,58;12875;4
C. ESCUDER;94;492;50;275;953926,00;467241,00;1421167,00;169517,00;1938,87;10148;5
CHR. HEAD (S);54;131;24;68;910189,00;471305,00;1381494,00;120313,00;6948,01;16855;2
N. CAULLERY;68;352;35;134;823590,00;350013,00;1173603,00;127406,00;2339,74;12112;5
C&Y. LERNER (S);55;173;18;87;780609,00;410299,00;1190908,00;125189,00;4512,19;14193;3
HF. DEVIN (S);52;150;26;86;769799,00;362629,00;1132428,00;95339,00;5131,99;14804;3
S. WATTEL (S);66;226;29;113;767710,00;428638,00;1196348,00;125735,00;3396,95;11632;3
A. FOUASSIER;82;354;58;188;749420,00;310797,00;1060217,00;122024,00;2117,01;9139;4
MME M. SCANDELLA-LACAILLE;69;345;35;182;691042,00;351933,00;1042975,00;115751,00;2003,02;10015;5
M. BOUTIN (S);52;363;32;170;658312,00;378527,00;1036839,00;123638,00;1813,53;12660;7
F. CHAPPET (S);52;195;23;94;628637,00;373556,00;1002193,00;110231,00;3223,78;12089;4
F. ROHAUT (S);51;144;26;73;619346,00;368601,00;987947,00;114044,00;4301,01;12144;3
M. BARATTI (S);54;138;20;70;566714,00;257846,00;824560,00;67222,00;4106,62;10495;3
FR. MONFORT (S);77;356;25;183;546185,00;271069,00;817254,00;88824,00;1534,23;7093;5
G. MOSSE (S);36;140;23;63;524947,00;205397,00;730344,00;72621,00;3749,62;14582;4
P. DECOUZ (S);35;137;25;72;522942,00;242009,00;764951,00;79953,00;3817,09;14941;4
A. BOTTI (S);51;175;21;91;520308,00;279150,00;799458,00;85779,00;2973,19;10202;3
J. RESIMONT;42;262;33;134;504333,00;262534,00;766867,00;85746,00;1924,94;12008;6
M. PITART;76;260;22;133;478929,00;242358,00;721287,00;92023,00;1842,03;6302;3
M. DELCHER SANCHEZ;40;142;14;74;475525,00;274725,00;750250,00;79201,00;3348,77;11888;4
M. DELZANGLES;46;154;17;74;469423,00;259341,00;728764,00;77638,00;3048,20;10205;3
A. COUETIL (S);49;149;24;79;464033,00;126027,00;590060,00;83294,00;3114,32;9470;3
G. BIETOLINI;39;168;17;75;456411,00;258838,00;715249,00;72529,00;2716,73;11703;4
MME V. HEAD;43;122;16;65;448785,00;218742,00;667527,00;60953,00;3678,57;10437;3
P&J. BRANDT (S);35;129;15;55;448398,00;213620,00;662018,00;60290,00;3475,95;12811;4
L. GADBIN (S);60;204;27;105;435906,00;241713,00;677619,00;83315,00;2136,79;7265;3
CLEMENT & HERMANS (S);44;137;16;67;435180,00;166643,00;601823,00;49221,00;3176,50;9890;3
F. FORESI;39;261;29;124;422615,00;191738,00;614353,00;72883,00;1619,21;10836;7
J. PARIZE;28;273;29;121;417348,00;144822,00;562170,00;57335,00;1528,75;14905;10
D. WATRIGANT (S);36;135;18;69;414768,00;168382,00;583150,00;61839,00;3072,36;11521;4
ED. MONFORT (S);60;220;16;112;409560,00;172106,00;581666,00;54131,00;1861,64;6826;4
M. BRASME (S);55;242;23;117;406289,00;202838,00;609127,00;67019,00;1678,88;7387;4
D. GUILLEMIN (S);46;141;20;90;392870,00;165142,00;558012,00;75377,00;2786,31;8541;3
E. LIBAUD (S);36;153;16;80;387963,00;214390,00;602353,00;74963,00;2535,71;10777;4
E. MIKHALIDES (S);46;160;18;77;384192,00;201809,00;586001,00;67240,00;2401,20;8352;3
J. BOISNARD (S);60;190;25;103;377242,00;219670,00;596912,00;70972,00;1985,48;6287;3
P.DE CHEVIGNY;27;111;15;52;365988,00;154045,00;520033,00;60385,00;3297,19;13555;4
RC. MONTENEGRO;39;196;21;102;363534,00;155118,00;518652,00;60842,00;1854,77;9321;5
M. GUARNIERI;30;160;13;58;362348,00;191345,00;553693,00;61767,00;2264,68;12078;5
G. HERNON (S);38;149;18;67;354950,00;173212,00;528162,00;49900,00;2382,21;9341;4
KR. BURKE;15;19;2;14;354480,00;0,00;354480,00;0,00;18656,84;23632;1
R. FRADET (S);34;209;18;99;353134,00;199996,00;553130,00;70149,00;1689,64;10386;6
J. ANDREU (S);33;144;19;78;346317,00;212034,00;558351,00;63523,00;2404,98;10494;4
R. CHOTARD;21;137;18;78;335138,00;155064,00;490202,00;49483,00;2446,26;15959;7
C. BOUTIN (S);27;206;13;86;334411,00;159064,00;493475,00;60415,00;1623,35;12386;8
X. THOMAS-DEMEAULTE (S);60;121;10;70;332806,00;128878,00;461684,00;59744,00;2750,46;5547;2
S. LABATE (S);41;213;21;109;331220,00;172074,00;503294,00;60943,00;1555,02;8079;5
MME S. GAVILAN;35;198;20;110;321115,00;174869,00;495984,00;61141,00;1621,79;9175;6
P. SOGORB;42;149;16;64;320464,00;136711,00;457175,00;47450,00;2150,77;7630;4
M. SEROR (S);45;131;21;67;318085,00;109946,00;428031,00;56921,00;2428,13;7069;3
T. POCHE;45;244;23;99;313674,00;132560,00;446234,00;57730,00;1285,55;6971;5
TIM. DONWORTH (S);40;120;19;54;313589,00;150737,00;464326,00;42365,00;2613,24;7840;3
CH. PLISSON (S);39;236;15;88;312788,00;143002,00;455790,00;58673,00;1325,37;8020;6
JP. GAUVIN (S);20;136;10;77;312241,00;155757,00;467998,00;58781,00;2295,89;15612;7
T. FOURCY (S);58;126;10;57;301086,00;101149,00;402235,00;53365,00;2389,57;5191;2
MME JF. BERNARD;45;92;14;40;297310,00;106339,00;403649,00;38209,00;3231,63;6607;2
Y. BONNEFOY (S);35;230;10;110;294101,00;135282,00;429383,00;44120,00;1278,70;8403;7
C. TOLAINI;31;97;26;54;290310,00;27863,00;318173,00;50443,00;2992,89;9365;3
MME Y. VOLLMER;42;170;15;85;279008,00;104509,00;383517,00;40506,00;1641,22;6643;4
JOHN & THADY GOSDEN;9;10;1;4;275710,00;0,00;275710,00;0,00;27571,00;30634;1
JUL. PHELIPPON;22;131;12;80;274535,00;127329,00;401864,00;44464,00;2095,69;12479;6
P. GROUALLE (S);27;89;10;47;271533,00;70027,00;341560,00;20920,00;3050,93;10057;3
ECD. WALKER;7;9;5;3;267295,00;18000,00;285295,00;4930,00;29699,44;38185;1
S. GOUVAZE (S);30;138;24;69;260818,00;116396,00;377214,00;45163,00;1889,99;8694;5
CH. GOURDAIN (S);34;131;17;67;251763,00;106828,00;358591,00;47501,00;1921,85;7405;4
C. APPLEBY;4;4;0;2;251440,00;0,00;251440,00;0,00;62860,00;62860;1
X. BLANCHET (S);35;130;15;51;243551,00;119398,00;362949,00;38641,00;1873,47;6959;4
K. TAVARES (S);18;57;13;30;239307,00;99151,00;338458,00;47944,00;4198,37;13295;3
MME C. COURTADE;38;116;9;58;236119,00;4319,00;240438,00;42307,00;2035,51;6214;3
JPH. DUBOIS;32;103;8;47;234908,00;131917,00;366825,00;47580,00;2280,66;7341;3
MME A. KARKOSA;24;83;7;41;229110,00;66329,00;295439,00;20499,00;2760,36;9546;3
A. SCHUTZ (S);11;46;5;27;228545,00;107989,00;336534,00;34329,00;4968,37;20777;4
S. CERULIS;33;124;9;61;226212,00;109443,00;335655,00;37356,00;1824,29;6855;4
N. BELLANGER (S);18;84;13;38;223804,00;87625,00;311429,00;34246,00;2664,33;12434;5
H. GHABRI;21;100;6;54;222974,00;85300,00;308274,00;30338,00;2229,74;10618;5
M. RULEC (S);24;98;10;39;222251,00;110212,00;332463,00;36115,00;2267,87;9260;4
A. MURPHY (S);36;109;9;55;220209,00;65794,00;286003,00;19835,00;2020,27;6117;3
M. CESANDRI (S);22;97;12;44;219554,00;117923,00;337477,00;43756,00;2263,44;9980;4
H. GREWE;16;33;7;19;210478,00;72324,00;282802,00;20865,00;6378,12;13155;2
L. PONTOIR (S);30;121;8;40;210040,00;97508,00;307548,00;38959,00;1735,87;7001;4
N. PAYSAN;36;131;14;70;209836,00;48105,00;257941,00;37132,00;1601,80;5829;4
S. KOBAYASHI (S);31;117;7;48;202247,00;86872,00;289119,00;29880,00;1728,61;6524;4
J.DE MIEULLE;5;8;1;5;200660,00;22422,00;223082,00;13728,00;25082,50;40132;2
A.DE MIEULLE;11;23;8;8;195625,00;39798,00;235423,00;13765,00;8505,43;17784;2
TJ. MARTINS NOVAIS;35;140;12;61;187429,00;59481,00;246910,00;20795,00;1338,78;5355;4
D&P. PROD'HOMME (S);17;102;8;50;186279,00;93602,00;279881,00;33341,00;1826,26;10958;6
M. NIGGE (S);20;93;6;41;186120,00;103273,00;289393,00;32118,00;2001,29;9306;5
CH. FELLOWES;2;5;0;3;178845,00;0,00;178845,00;0,00;35769,00;89422;3
G. LEMER (S);31;153;6;79;177791,00;107375,00;285166,00;35924,00;1162,03;5735;5
MME J. SOUBAGNE;19;70;8;41;176040,00;96525,00;272565,00;32042,00;2514,86;9265;4
C. LOTOUX (S);18;89;12;41;174839,00;88206,00;263045,00;32700,00;1964,48;9713;5
MF. WEISSMEIER;25;111;6;49;174326,00;80912,00;255238,00;28658,00;1570,50;6973;4
MME J. SOUDAN;14;51;8;22;168260,00;32470,00;200730,00;12100,00;3299,22;12019;4
MME A. BUDKA;27;110;6;49;168192,00;70207,00;238399,00;27732,00;1529,02;6229;4
MME C. BARANDE BARBE;14;94;6;33;168078,00;76763,00;244841,00;29099,00;1788,06;12006;7
M. ALONSO ROLDAN;30;147;10;76;167530,00;93328,00;260858,00;31832,00;1139,66;5584;5
J. LEROY;38;175;5;79;166593,00;86571,00;253164,00;31233,00;951,96;4384;5
MME L. DUPELIN LALUNG;23;144;27;75;165010,00;102351,00;267361,00;32797,00;1145,90;7174;6
A. BARON;27;106;11;49;164813,00;87908,00;252721,00;31726,00;1554,84;6104;4
BJ. MEEHAN;7;8;1;6;163980,00;42195,00;206175,00;9627,00;20497,50;23426;1
B. AUDOUIN (S);18;87;12;48;158110,00;67608,00;225718,00;28395,00;1817,36;8784;5
T. SPEICHER;18;67;8;43;152897,00;97095,00;249992,00;30852,00;2282,04;8494;4
MME J. LE STANG;24;147;9;55;152467,00;68835,00;221302,00;28397,00;1037,19;6353;6
A. BALDING;3;3;0;2;152250,00;2745,00;154995,00;832,00;50750,00;50750;1
RM. BECKETT;4;4;1;2;147155,00;1886,00;149041,00;572,00;36788,75;36789;1
MME A. THIBAUT;23;123;21;66;146880,00;80389,00;227269,00;28151,00;1194,15;6386;5
MME P. VANHOVE;18;58;11;38;145275,00;11220,00;156495,00;25860,00;2504,74;8071;3
F. MONNIER (S);19;100;8;52;142562,00;63687,00;206249,00;27464,00;1425,62;7503;5
JM. BEGUIGNE;13;40;4;22;141877,00;55578,00;197455,00;21804,00;3546,93;10914;3
MME A. WATTEL;23;77;8;33;141654,00;69051,00;210705,00;21446,00;1839,66;6159;3
G. VAZ;18;62;8;25;140567,00;66760,00;207327,00;24779,00;2267,21;7809;3
H. BLUME;21;76;6;32;140377,00;39039,00;179416,00;14739,00;1847,07;6685;4
L. BAUDRON (S);19;85;8;36;139085,00;54952,00;194037,00;18840,00;1636,29;7320;4
M. KREBS (S);20;132;6;63;137762,00;62518,00;200280,00;22032,00;1043,65;6888;7
G. PANNIER;17;91;6;43;136784,00;66719,00;203503,00;22877,00;1503,12;8046;5
V. LUKA;22;66;5;27;136324,00;58916,00;195240,00;17387,00;2065,52;6197;3
MME I. JANACKOVA KOPLIKOVA;20;66;7;22;131096,00;38332,00;169428,00;13346,00;1986,30;6555;3
S. RICHTER;18;71;5;31;130596,00;34149,00;164745,00;11864,00;1839,38;7255;4
N. LE ROCH;18;54;9;19;130590,00;83171,00;213761,00;23816,00;2418,33;7255;3
C. MARTINON;12;120;5;52;128270,00;49738,00;178008,00;15803,00;1068,92;10689;10
MME D. SCHOENHERR;11;53;7;32;126474,00;71845,00;198319,00;23203,00;2386,30;11498;5
A. SANCHEZ-MARTIN;20;118;9;50;125623,00;69257,00;194880,00;22728,00;1064,60;6281;6
G. ARIZKORRETA ELOSEGUI;24;49;7;21;124315,00;44557,00;168872,00;15662,00;2537,04;5180;2
N. LEENDERS;20;91;6;43;123361,00;51389,00;174750,00;23693,00;1355,62;6168;5
G. DOLEUZE;11;40;4;12;119506,00;55924,00;175430,00;19360,00;2987,65;10864;4
D. CHENU;26;149;5;65;118027,00;57387,00;175414,00;22722,00;792,13;4540;6
W. HICKST;17;37;5;17;116140,00;24472,00;140612,00;5303,00;3138,92;6832;2
M. GEISLER;21;72;4;40;115990,00;48097,00;164087,00;19261,00;1610,97;5523;3
B. LEGROS (S);17;144;9;53;115904,00;40169,00;156073,00;18274,00;804,89;6818;8
RA. TEAL;1;1;0;1;114300,00;0,00;114300,00;0,00;114300,00;114300;1
S. SMRCZEK;19;54;6;24;114163,00;31202,00;145365,00;10109,00;2114,13;6009;3
GRE. LEENDERS (S);30;98;5;42;113783,00;44000,00;157783,00;22376,00;1161,05;3793;3
A. WEST;25;94;6;30;113365,00;30268,00;143633,00;9888,00;1206,01;4535;4
F. BRESSON (S);14;46;7;18;112828,00;67262,00;180090,00;23432,00;2452,78;8059;3
I. ENDALTSEV;10;54;5;28;112187,00;34351,00;146538,00;11529,00;2077,54;11219;5
R. AVIAL LOPEZ;19;102;4;41;112088,00;56200,00;168288,00;19640,00;1098,90;5899;5
JP. O'BRIEN;7;7;1;4;111950,00;0,00;111950,00;0,00;15992,86;15993;1
F. GUYADER (S);17;60;6;31;111486,00;68699,00;180185,00;20798,00;1858,10;6558;4
M. MUNCH (S);11;42;4;25;110715,00;46261,00;156976,00;13456,00;2636,07;10065;4
JP. MACEDO DA COSTA OLIVEIRA;12;40;7;19;110280,00;58916,00;169196,00;17635,00;2757,00;9190;3
S. JESUS;18;87;3;38;109643,00;47146,00;156789,00;19335,00;1260,26;6091;5
D. ARTU (S);16;90;1;58;109283,00;50493,00;159776,00;19367,00;1214,26;6830;6
G. BATISTIC;15;62;6;29;107140,00;40765,00;147905,00;14540,00;1728,06;7143;4
FX. WEISSMEIER;18;79;5;32;105734,00;41985,00;147719,00;13552,00;1338,41;5874;4
H. TANAKA;1;1;1;0;104310,00;0,00;104310,00;0,00;104310,00;104310;1
MME S. LANSLOTS;10;63;4;28;104303,00;39030,00;143333,00;14239,00;1655,60;10430;6
JV. TOUX;12;59;4;22;103470,00;34280,00;137750,00;14353,00;1753,73;8622;5
A. LARTIGAU;18;52;6;29;102433,00;42575,00;145008,00;20060,00;1969,87;5691;3
SIMON & ED CRISFORD;6;7;2;4;101580,00;0,00;101580,00;0,00;14511,43;16930;1
MME J. DUPONT-FAHN;11;72;6;28;101073,00;52108,00;153181,00;19578,00;1403,79;9188;7
S. NIGGE (S);21;69;4;28;95487,00;60095,00;155582,00;17873,00;1383,87;4547;3
H. SHIMIZU;12;38;7;20;94255,00;43501,00;137756,00;14127,00;2480,39;7855;3
L&M. VIEL (S);20;60;7;40;92929,00;29795,00;122724,00;15837,00;1548,82;4646;3
L. VANSKA (S);13;41;4;20;92910,00;27371,00;120281,00;8117,00;2266,10;7147;3
AS&D. ALLARD (S);14;72;5;18;92693,00;44586,00;137279,00;17171,00;1287,40;6621;5
MME D. MELE;26;39;9;18;92375,00;25932,00;118307,00;17339,00;2368,59;3553;2
D. DA COSTA PEDROSA;9;41;7;18;92316,00;54188,00;146504,00;18224,00;2251,61;10257;5
S. JOUSSELIN;17;108;5;61;91370,00;44840,00;136210,00;16086,00;846,02;5375;6
A. SUBORICS;19;62;4;26;91232,00;20679,00;111911,00;6940,00;1471,48;4802;3
MME S. PENOT;8;45;5;17;90307,00;47692,00;137999,00;17644,00;2006,82;11288;6
MME A. TINCHON;17;70;2;36;89704,00;56269,00;145973,00;17473,00;1281,49;5277;4
O. TRIGODET (S);22;68;4;24;89590,00;54104,00;143694,00;18382,00;1317,50;4072;3
JC. SARAIS;10;52;7;25;89360,00;27639,00;116999,00;15337,00;1718,46;8936;5
MME B. RE-SCANDELLA;16;51;4;24;89215,00;40266,00;129481,00;16238,00;1749,31;5576;3
E. LECOIFFIER;21;95;6;43;88824,00;26085,00;114909,00;12571,00;934,99;4230;5
P. SIGAUD;6;47;3;29;87731,00;39475,00;127206,00;15855,00;1866,62;14622;8
F. BELLEMERE;18;56;5;20;87214,00;45830,00;133044,00;16352,00;1557,39;4845;3
A. WATRIGANT (S);20;58;3;30;87087,00;53954,00;141041,00;17801,00;1501,50;4354;3
B. MONTZEY (S);21;75;3;40;87048,00;46166,00;133214,00;17589,00;1160,64;4145;4
AMB. WATSON;6;7;2;2;86075,00;0,00;86075,00;0,00;12296,43;14346;1
G. FOURRIER;19;65;5;38;84701,00;42596,00;127297,00;17598,00;1303,09;4458;3
JA. FERREIRA DE OLIVEIRA;13;55;6;23;83751,00;39311,00;123062,00;15006,00;1522,75;6442;4
F. PARDON;6;43;4;24;83438,00;37545,00;120983,00;14782,00;1940,42;13906;7
S. ZULIANI (S);13;37;4;25;82389,00;10129,00;92518,00;14977,00;2226,73;6338;3
S. SCHLEPPI;12;44;6;20;82284,00;35427,00;117711,00;14994,00;1870,09;6857;4
J. PLANQUE (S);24;97;2;50;82275,00;19201,00;101476,00;14580,00;848,20;3428;4
MME R. PHILIPPON;15;70;4;30;81978,00;39347,00;121325,00;15535,00;1171,11;5465;5
JM. OSORIO BERTRAN DE LIS;8;23;5;10;80013,00;0,00;80013,00;0,00;3478,83;10002;3
R. HUGHES;1;1;1;0;80000,00;0,00;80000,00;0,00;80000,00;80000;1
MME E. CURY;14;77;4;36;79872,00;41345,00;121217,00;14083,00;1037,30;5705;6
S. EVENO;10;59;6;32;79821,00;23933,00;103754,00;13875,00;1352,90;7982;6
MME C. HERISSON DE BEAUVOIR;13;64;4;29;79425,00;35744,00;115169,00;15037,00;1241,02;6110;5
N. GUILBERT;7;41;3;19;77967,00;26006,00;103973,00;9703,00;1901,63;11138;6
F. BOUALEM;11;68;4;31;77187,00;34727,00;111914,00;12529,00;1135,10;7017;6
E. ALLAIRE (S);12;21;10;8;76065,00;15902,00;91967,00;12591,00;3622,14;6339;2
S. PECORARO;7;42;4;21;75710,00;27497,00;103207,00;8681,00;1802,62;10816;6
G. COURBOT;17;57;5;25;75644,00;33673,00;109317,00;12602,00;1327,09;4450;3
C. FEY (S);8;37;5;13;73784,00;35410,00;109194,00;12570,00;1994,16;9223;5
R. AVIAL SANCHEZ;6;48;5;18;73127,00;41533,00;114660,00;13472,00;1523,48;12188;8
HA. EUSTACE;2;2;0;2;73100,00;0,00;73100,00;0,00;36550,00;36550;1
MME AS. CROMBEZ;9;41;4;15;72614,00;41208,00;113822,00;14576,00;1771,07;8068;5
M. PIMBONNET;12;59;4;31;71815,00;34571,00;106386,00;13710,00;1217,20;5985;5
MME AL. GUILDOUX;12;62;4;27;71783,00;22832,00;94615,00;13298,00;1157,79;5982;5
G. BRAEM;8;39;5;16;71775,00;21017,00;92792,00;5978,00;1840,38;8972;5
MME LL. ROHN-PELVIN;7;55;4;23;70716,00;31821,00;102537,00;10553,00;1285,75;10102;8
G. GEISLER;16;45;4;20;70439,00;20772,00;91211,00;8319,00;1565,31;4402;3
F. FOUCHER;20;69;4;35;69909,00;26299,00;96208,00;11841,00;1013,17;3495;3
MME L. HEBRARD DE VEYRINAS;15;39;4;13;69248,00;32151,00;101399,00;13403,00;1775,59;4617;3
M. NIESLANIK;7;14;2;7;67475,00;25108,00;92583,00;8296,00;4819,64;9639;2
MME V. DISSAUX;8;46;3;20;66196,00;30412,00;96608,00;11465,00;1439,04;8274;6
A. CARRASCO SANCHEZ;4;19;3;9;64655,00;26514,00;91169,00;11103,00;3402,89;16164;5
P&C. PELTIER (S);17;32;7;13;62965,00;10133,00;73098,00;10447,00;1967,66;3704;2
Y. FOUIN (S);23;44;2;24;62631,00;31497,00;94128,00;12779,00;1423,43;2723;2
M. JUSTUM;17;80;4;38;62495,00;25056,00;87551,00;11433,00;781,19;3676;5
PIER. MENARD;10;45;2;21;60727,00;29016,00;89743,00;8978,00;1349,49;6073;5
JL. PELLETAN;23;75;3;33;60684,00;29438,00;90122,00;11889,00;809,12;2638;3
C. PETERSCHMITT;8;29;5;15;59544,00;26501,00;86045,00;10500,00;2053,24;7443;4
BUTEL & BEAUNEZ (S);7;44;3;17;58664,00;31681,00;90345,00;10667,00;1333,27;8381;6
P. SCHIERGEN;14;24;1;11;58120,00;25477,00;83597,00;8196,00;2421,67;4151;2
FX. BELVISI;7;29;3;17;58102,00;26144,00;84246,00;10944,00;2003,52;8300;4
R. SAINTE ROSE;7;55;8;34;57865,00;34382,00;92247,00;10528,00;1052,09;8266;8
MME N. BENTLEY;11;49;5;21;57691,00;22438,00;80129,00;10732,00;1177,37;5245;4
S. MORINEAU;9;50;5;13;56850,00;25581,00;82431,00;10705,00;1137,00;6317;6
E.D' ANDIGNE;12;29;6;16;56712,00;8491,00;65203,00;10128,00;1955,59;4726;2
G. JUILLET;19;63;4;25;56025,00;17063,00;73088,00;10080,00;889,29;2949;3
A. ESTRABOL;11;38;3;18;55255,00;36963,00;92218,00;11980,00;1454,08;5023;3
MME G. RARICK;16;57;4;15;55091,00;25561,00;80652,00;8845,00;966,51;3443;4
B. GOUDOT (S);6;62;3;21;55082,00;27739,00;82821,00;9536,00;888,42;9180;10
S. GOUYETTE (S);31;105;3;39;54382,00;19783,00;74165,00;9428,00;517,92;1754;3
MME C. WHITFIELD;10;40;3;17;54256,00;25063,00;79319,00;9182,00;1356,40;5426;4
JP. SAUVAGE;5;25;4;16;54076,00;24330,00;78406,00;10184,00;2163,04;10815;5
A. JUNK (S);3;20;3;6;54014,00;24305,00;78319,00;10176,00;2700,70;18005;7
H. BOUJARDINE;3;29;4;10;52841,00;7205,00;60046,00;3016,00;1822,10;17614;10
MME S. JAFFRELOT-BEDON;20;67;4;23;52295,00;19391,00;71686,00;10017,00;780,52;2615;3
C. BONIN (S);11;43;3;19;52249,00;20225,00;72474,00;9520,00;1215,09;4750;4
E. DELL'OVA;15;36;3;20;52005,00;29614,00;81619,00;10343,00;1444,58;3467;2
MME D. DE WULF;3;29;1;22;51957,00;4076,00;56033,00;1113,00;1791,62;17319;10
D. SMAGA;9;33;1;16;51946,00;18730,00;70676,00;5599,00;1574,12;5772;4
C. PAUTIER;8;34;2;19;49923,00;24886,00;74809,00;9833,00;1468,32;6240;4
GAB. LEENDERS (S);11;23;4;13;49455,00;6052,00;55507,00;8918,00;2150,22;4496;2
MME C. NICOT;5;41;3;17;48367,00;21763,00;70130,00;8158,00;1179,68;9673;8
AS. PACAULT (S);9;18;3;12;48123,00;6483,00;54606,00;8455,00;2673,50;5347;2
I. RAYBOULD;5;36;1;25;47985,00;19920,00;67905,00;7577,00;1332,92;9597;7
J. CARAYON;14;44;1;19;47500,00;21909,00;69409,00;8163,00;1079,55;3393;3
M. ROLLAND (S);8;26;3;7;47345,00;20667,00;68012,00;7788,00;1820,96;5918;3
MME N. SAUVAGE;5;30;3;17;46992,00;21144,00;68136,00;7702,00;1566,40;9398;6
S. BROGI;10;13;5;5;46895,00;29906,00;76801,00;9980,00;3607,31;4690;1
RENAUT & ADDA (S);16;75;2;24;46577,00;21785,00;68362,00;8756,00;621,03;2911;5
BR. BEAUNEZ;7;28;2;14;46445,00;20542,00;66987,00;8683,00;1658,75;6635;4
MME V. SEIGNOUX;12;38;3;17;46230,00;8356,00;54586,00;8372,00;1216,58;3852;3
L. PROIETTI;8;44;4;16;45903,00;16246,00;62149,00;7138,00;1043,25;5738;6
F. LAGARDE;11;25;4;10;45480,00;0,00;45480,00;8115,00;1819,20;4135;2
H. AL JEHANI;4;5;1;2;45000,00;5400,00;50400,00;1479,00;9000,00;11250;1
T. JOUIN;8;25;5;13;44279,00;6362,00;50641,00;7983,00;1771,16;5535;3
F. SANCHEZ;19;60;2;25;43764,00;22814,00;66578,00;8497,00;729,40;2303;3
PJ. GIRAUD;3;14;3;6;43322,00;0,00;43322,00;7795,00;3094,43;14441;5
C. ALONSO PENA;9;38;4;16;43233,00;14443,00;57676,00;6474,00;1137,71;4804;4
MME C. AUVRAY;9;78;1;32;42313,00;19035,00;61348,00;7563,00;542,47;4701;9
E. CLAYEUX (S);29;38;1;25;42155,00;0,00;42155,00;7518,00;1109,34;1454;1
E. GRALL (S);22;24;4;14;42100,00;2250,00;44350,00;7297,00;1754,17;1914;1
J. CASAROLI;5;16;3;11;41995,00;4543,00;46538,00;7642,00;2624,69;8399;3
P. DOLLE;7;40;1;17;41408,00;27224,00;68632,00;8914,00;1035,20;5915;6
D. WINDRIF;17;45;1;15;41277,00;3332,00;44609,00;1424,00;917,27;2428;3
S. MAURER;5;23;3;12;40661,00;17485,00;58146,00;6817,00;1767,87;8132;5
A. MACEDO DA SILVA;6;29;3;14;40578,00;22268,00;62846,00;8162,00;1399,24;6763;5
A. COELHO;4;19;2;7;40531,00;24641,00;65172,00;8107,00;2133,21;10133;5
MME A. FABRE;1;6;2;2;40350,00;18156,00;58506,00;4971,00;6725,00;40350;6
P. OLAVE VALDIVIELSO;11;30;3;12;40256,00;15948,00;56204,00;3775,00;1341,87;3660;3
G. SOULIE;11;43;5;9;40110,00;12516,00;52626,00;7264,00;932,79;3646;4
F. HAYERES (S);8;24;4;10;40110,00;16667,00;56777,00;7677,00;1671,25;5014;3
A. MURRAY;1;1;1;0;40000,00;0,00;40000,00;0,00;40000,00;40000;1
M. WEBER;11;57;3;22;39785,00;16888,00;56673,00;6508,00;697,98;3617;5
MME C. ALESI;3;25;3;10;39542,00;1924,00;41466,00;1382,00;1581,68;13181;8
MME G. GADBLED;7;28;3;13;38982,00;15146,00;54128,00;7189,00;1392,21;5569;4
F. JOLIVET (S);6;23;1;7;38840,00;19998,00;58838,00;7645,00;1688,70;6473;4
A. LORENZONI;5;24;1;20;38790,00;0,00;38790,00;6979,00;1616,25;7758;5
MME M. VERPLANKEN-LABERINE;5;29;2;20;38680,00;17403,00;56083,00;6390,00;1333,79;7736;6
J. DA SILVA;8;50;0;23;38154,00;18713,00;56867,00;7328,00;763,08;4769;6
M. DREAN;5;25;3;14;37512,00;16876,00;54388,00;6770,00;1500,48;7502;5
B. GOURDON (S);5;8;2;3;37450,00;0,00;37450,00;6732,00;4681,25;7490;2
J. CHANNON;2;2;1;1;37450,00;0,00;37450,00;0,00;18725,00;18725;1
PY. MASSOUBRE;1;6;1;4;37029,00;0,00;37029,00;6663,00;6171,50;37029;6
P. QUINTON (S);8;21;4;11;36861,00;7431,00;44292,00;6571,00;1755,29;4608;3
MME I. PACAULT;12;20;4;9;36775,00;0,00;36775,00;6618,00;1838,75;3065;2
E. THUEUX;7;22;1;8;36690,00;16393,00;53083,00;6935,00;1667,73;5241;3
T. RICHARD (S);8;31;1;16;36335,00;19614,00;55949,00;7266,00;1172,10;4542;4
P. MONFORT (S);8;28;2;15;36295,00;18794,00;55089,00;6774,00;1296,25;4537;4
A. FOUCHET (S);7;25;3;11;36288,00;11977,00;48265,00;5504,00;1451,52;5184;4
G. NICOT;5;27;2;15;36154,00;17490,00;53644,00;5555,00;1339,04;7231;5
D. MORISSON (S);24;63;0;24;35450,00;14645,00;50095,00;6048,00;562,70;1477;3
D. BONILLA (S);4;24;1;10;35172,00;19680,00;54852,00;7125,00;1465,50;8793;6
MME H. SAUER;7;28;1;13;35083,00;22985,00;58068,00;7474,00;1252,96;5012;4
G. ORTIZ;4;23;2;10;34907,00;15706,00;50613,00;6575,00;1517,70;8727;6
Y. LUYCKX;3;23;3;9;34850,00;15681,00;50531,00;5746,00;1515,22;11617;8
C. CORDUAN;7;38;3;9;34240,00;9794,00;44034,00;6359,00;901,05;4891;5
E. BERNHARDT;6;31;1;11;34110,00;16428,00;50538,00;6354,00;1100,32;5685;5
MME L. SALTON;3;28;3;11;34058,00;15325,00;49383,00;5795,00;1216,36;11353;9
M. PLANARD;11;51;0;24;33948,00;15800,00;49748,00;5803,00;665,65;3086;5
M. ANDRIANTSOA RATSIMIHAH;2;12;1;4;33860,00;24783,00;58643,00;7622,00;2821,67;16930;6
W. WALTON;6;32;2;18;33852,00;17645,00;51497,00;6688,00;1057,88;5642;5
A. SANGLARD;11;34;3;14;33608,00;16293,00;49901,00;6452,00;988,47;3055;3
F. GELHAY;14;37;1;16;33567,00;13734,00;47301,00;6320,00;907,22;2398;3
ROB. COLLET (S);5;50;1;16;33118,00;18359,00;51477,00;5544,00;662,36;6624;10
M. SWINNENS;1;10;2;4;32370,00;14566,00;46936,00;6099,00;3237,00;32370;10
M. PECHEUR;6;14;1;8;32182,00;0,00;32182,00;0,00;2298,71;5364;2
HJ. FARIA PEREIRA;8;28;1;14;31911,00;6317,00;38228,00;2642,00;1139,68;3989;4
C. RESTOUT;6;33;2;15;31594,00;13865,00;45459,00;5936,00;957,39;5266;6
L. BOUALEM;6;42;2;20;31496,00;14171,00;45667,00;5927,00;749,90;5249;7
G. VERHEYE;2;16;2;7;30676,00;13803,00;44479,00;3776,00;1917,25;15338;8
C&G. HUE & TAUPIN (S);4;19;1;10;30372,00;14055,00;44427,00;5038,00;1598,53;7593;5
D. SATALIA;18;40;2;11;30325,00;7469,00;37794,00;5228,00;758,13;1685;2
L. VITABILE;6;19;3;7;30250,00;13094,00;43344,00;2929,00;1592,11;5042;3
E. LACAILLE;1;11;2;6;30250,00;13612,00;43862,00;5699,00;2750,00;30250;11
D. LIMOUSY;2;17;2;9;30018,00;0,00;30018,00;0,00;1765,76;15009;9
D. CADOT (S);7;19;3;7;30010,00;1023,00;31033,00;5325,00;1579,47;4287;3
F. ZIGLIOLI;1;8;3;3;29855,00;13433,00;43288,00;5624,00;3731,88;29855;8
E.. BETHELL;3;3;0;2;29698,00;0,00;29698,00;0,00;9899,33;9899;1
X. RICHARD;5;21;1;8;29566,00;22172,00;51738,00;6723,00;1407,90;5913;4
G. NAKOUZI;8;24;2;7;29090,00;11404,00;40494,00;2386,00;1212,08;3636;3
J. GRASSICK;5;31;1;11;28742,00;12752,00;41494,00;5400,00;927,16;5748;6
L. BERNHARDT;6;25;1;14;28683,00;12905,00;41588,00;4960,00;1147,32;4780;4
GO. SCOTT;1;1;0;1;28600,00;0,00;28600,00;0,00;28600,00;28600;1
K. SHINTANI;1;1;0;1;28600,00;0,00;28600,00;0,00;28600,00;28600;1
MME J. HIERGENS;3;21;0;17;28237,00;12866,00;41103,00;5337,00;1344,62;9412;7
L. CADOT;12;31;1;12;28115,00;585,00;28700,00;5068,00;906,94;2343;3
MME N. VASUTEK-ZINCK;3;13;4;6;27963,00;12581,00;40544,00;5264,00;2151,00;9321;4
M. COMAS MOLIST;8;31;1;17;27961,00;10728,00;38689,00;4658,00;901,97;3495;4
S. CHEVALIER;5;30;2;11;27927,00;15085,00;43012,00;4802,00;930,90;5585;6
MME I. MONNIER;2;13;3;4;27830,00;12523,00;40353,00;5243,00;2140,77;13915;7
F. DAMBACHER;1;7;2;3;27612,00;12425,00;40037,00;5202,00;3944,57;27612;7
B. ELLISON;1;1;1;0;27450,00;0,00;27450,00;0,00;27450,00;27450;1
S. DEHEZ (S);10;41;1;15;27115,00;9998,00;37113,00;4758,00;661,34;2712;4
F. BELMONT;3;13;0;7;27000,00;16334,00;43334,00;5680,00;2076,92;9000;4
B. LEFEVRE (S);14;25;3;7;26850,00;0,00;26850,00;4831,00;1074,00;1918;2
L. POSTIC;6;15;0;11;26812,00;11425,00;38237,00;5007,00;1787,47;4469;3
JC. BERTIN;5;13;2;3;26583,00;9452,00;36035,00;2928,00;2044,85;5317;3
P. NICOT (S);3;32;1;14;26435,00;11893,00;38328,00;4975,00;826,09;8812;11
E. LERAY (S);10;27;2;12;26430,00;1282,00;27712,00;4658,00;978,89;2643;3
MME P. MENGES;2;14;1;8;26295,00;2261,00;28556,00;685,00;1878,21;13148;7
J. BAUDRON;10;17;1;5;26120,00;19252,00;45372,00;5909,00;1536,47;2612;2
A. SPANU;1;11;1;7;26055,00;11722,00;37777,00;4908,00;2368,64;26055;11
MME B. SABLON;3;15;4;9;25905,00;8280,00;34185,00;4665,00;1727,00;8635;5
L. CENDRA;4;20;1;8;25814,00;10060,00;35874,00;4211,00;1290,70;6454;5
MME A. HAYNES;2;3;1;2;25725,00;0,00;25725,00;0,00;8575,00;12862;2
J. PIEDNOEL;8;35;1;18;25292,00;12435,00;37727,00;4967,00;722,63;3162;4
A. LE CLERC (S);10;25;2;10;24850,00;0,00;24850,00;4393,00;994,00;2485;3
MME B. VALENTI;2;5;2;2;24690,00;17125,00;41815,00;5434,00;4938,00;12345;3
JO. IVALDI;3;14;6;3;24520,00;13134,00;37654,00;4892,00;1751,43;8173;5
M. FIGGE;4;12;1;8;24330,00;10785,00;35115,00;2951,00;2027,50;6082;3
P. JOURNIAC;14;21;1;14;24150,00;0,00;24150,00;4032,00;1150,00;1725;2
T. FOUGIER;3;14;0;13;23895,00;0,00;23895,00;4298,00;1706,79;7965;5
G. HEURTAULT;7;36;2;8;23720,00;10672,00;34392,00;4465,00;658,89;3389;5
MME M. BOURGEAIS;2;17;1;10;23720,00;10672,00;34392,00;4465,00;1395,29;11860;9
MME N. MURE-RAVAUD;5;27;1;13;23505,00;10576,00;34081,00;4423,00;870,56;4701;5
F. CELLIER;5;17;0;8;23489,00;518,00;24007,00;4235,00;1381,71;4698;3
JP. SILVA PEREIRA;7;15;1;6;22950,00;10326,00;33276,00;3321,00;1530,00;3279;2
A. KING;1;1;0;1;22840,00;7537,00;30377,00;3949,00;22840,00;22840;1
WJ. HAGGAS;3;3;0;2;22800,00;0,00;22800,00;0,00;7600,00;7600;1
JP. FOLACCI;7;15;2;9;22560,00;6434,00;28994,00;4177,00;1504,00;3223;2
MME Y. LUCE;4;20;2;13;22110,00;15210,00;37320,00;4795,00;1105,50;5528;5
MME S. LESAGE DE LA HAYE;2;9;1;7;22092,00;9940,00;32032,00;4161,00;2454,67;11046;5
MME C. BERTIN;5;22;2;4;22086,00;9937,00;32023,00;4160,00;1003,91;4417;4
M. THABUTEAU;2;5;2;2;22080,00;0,00;22080,00;3974,00;4416,00;11040;3
P. VOVCENKO;7;17;1;6;21988,00;3088,00;25076,00;1156,00;1293,41;3141;2
F. SANTELLA;7;14;1;8;21905,00;5924,00;27829,00;2012,00;1564,64;3129;2
E. MICHOT;2;13;1;8;21770,00;10671,00;32441,00;3984,00;1674,62;10885;7
MME S. AUDOY;2;9;1;5;21660,00;2268,00;23928,00;619,00;2406,67;10830;5
MME J. MANOVA;6;28;1;9;21072,00;10607,00;31679,00;3081,00;752,57;3512;5
J. LOPEZ SANCHEZ;3;9;2;5;20850,00;10336,00;31186,00;4052,00;2316,67;6950;3
FJ. GUIMARD;1;9;1;7;20360,00;9162,00;29522,00;3834,00;2262,22;20360;9
T. MAUDET;1;7;2;2;19890,00;8950,00;28840,00;3748,00;2841,43;19890;7
B. LE REGENT;4;21;2;10;19877,00;3115,00;22992,00;3605,00;946,52;4969;5
MME S. COURTES;1;11;1;9;19876,00;8268,00;28144,00;3699,00;1806,91;19876;11
D. OOST;2;9;1;6;19642,00;8838,00;28480,00;3699,00;2182,44;9821;5
CH. HERPIN (S);19;35;3;8;19630,00;0,00;19630,00;3407,00;560,86;1033;2
LAGENESTE & MACAIRE (S);9;10;3;6;19630,00;0,00;19630,00;3258,00;1963,00;2181;1
MME I. GALLORINI;2;5;0;4;19600,00;0,00;19600,00;3484,00;3920,00;9800;3
O. SCHNAKENBERG;8;19;1;6;19390,00;3802,00;23192,00;1592,00;1020,53;2424;2
MME N. KESSLER;2;10;2;3;19382,00;8721,00;28103,00;3651,00;1938,20;9691;5
B. DE KONINCK;6;33;2;4;19360,00;8550,00;27910,00;2438,00;586,67;3227;6
O. SANGSTER;3;4;0;2;19230,00;0,00;19230,00;0,00;4807,50;6410;1
L. MACELI;10;38;1;5;19150,00;9922,00;29072,00;3813,00;503,95;1915;4
MME J. MAYER;7;20;1;8;19000,00;3222,00;22222,00;879,00;950,00;2714;3
L. GUILLOUX;3;24;1;9;18793,00;6862,00;25655,00;1898,00;783,04;6264;8
D. MAHE;6;21;1;7;18735,00;0,00;18735,00;60,00;892,14;3122;4
L. EDON;2;17;2;5;18650,00;8391,00;27041,00;3513,00;1097,06;9325;9
P. SARAIS;1;9;1;7;18335,00;0,00;18335,00;3299,00;2037,22;18335;9
P. PENELOPE;2;16;3;7;18300,00;8234,00;26534,00;2879,00;1143,75;9150;8
J. GOOSSENS;2;9;1;4;18200,00;2619,00;20819,00;1095,00;2022,22;9100;5
B. BOSSERT;2;18;1;7;18187,00;8183,00;26370,00;3291,00;1010,39;9094;9
JPJ. DUBOIS;4;9;2;3;18110,00;10207,00;28317,00;3778,00;2012,22;4528;2
V. DEVILLARS;12;47;0;16;17987,00;7733,00;25720,00;3362,00;382,70;1499;4
A. LOPEZ;4;14;2;3;17930,00;8068,00;25998,00;2731,00;1280,71;4482;4
MME N. MOONS;6;26;0;7;17589,00;0,00;17589,00;0,00;676,50;2932;4
P. NADOR;2;11;2;2;17532,00;7889,00;25421,00;3303,00;1593,82;8766;6
A. ACKER (S);5;20;1;7;17497,00;3960,00;21457,00;1726,00;874,85;3499;4
J. LERAS;3;27;1;16;17470,00;7858,00;25328,00;2611,00;647,04;5823;9
M. ALIKER;2;21;3;10;17415,00;7835,00;25250,00;3277,00;829,29;8708;11
MME I. JUTEAU;5;21;1;12;17402,00;2613,00;20015,00;1092,00;828,67;3480;4
J. MERIENNE;9;41;0;13;17338,00;9057,00;26395,00;3426,00;422,88;1926;5
A. JACOBY-KOALY;4;25;3;10;17290,00;10054,00;27344,00;3547,00;691,60;4322;6
EJ. FERREIRA ANTUNES;5;16;1;6;17230,00;7222,00;24452,00;3227,00;1076,88;3446;3
MME O. ELLART;5;17;0;9;17133,00;5758,00;22891,00;3225,00;1007,82;3427;3
S. GHYS;7;30;0;12;17114,00;8136,00;25250,00;3066,00;570,47;2445;4
F. ALLONCLE;2;13;1;5;17013,00;1336,00;18349,00;559,00;1308,69;8506;7
MME C. BOCSKAI;4;9;1;6;16865,00;8876,00;25741,00;2649,00;1873,89;4216;2
MME R. BOUCKHUYT;2;7;2;1;16560,00;7452,00;24012,00;2040,00;2365,71;8280;4
MME S. COIRRE;1;3;1;2;16545,00;7445,00;23990,00;2038,00;5515,00;16545;3
JS. HORTON;2;2;0;2;16480,00;0,00;16480,00;0,00;8240,00;8240;1
A. SALIOT;2;3;3;0;16350,00;0,00;16350,00;2943,00;5450,00;8175;2
SM. AGUINSACA ARMIJOS;3;10;2;3;16320,00;9172,00;25492,00;3311,00;1632,00;5440;3
JP. LETREGUILLY;2;19;0;14;16010,00;5014,00;21024,00;2409,00;842,63;8005;10
M. SCHIESTEL;3;20;2;9;15833,00;3591,00;19424,00;2756,00;791,65;5278;7
JC. SOUKAI;3;17;2;9;15800,00;9420,00;25220,00;3273,00;929,41;5267;6
A. SCHEPENS;7;30;0;11;15763,00;2079,00;17842,00;868,00;525,43;2252;4
C. PROVOT;1;7;0;4;15755,00;7089,00;22844,00;2968,00;2250,71;15755;7
O. REGLEY;4;14;1;7;15712,00;7069,00;22781,00;2957,00;1122,29;3928;4
M. BAUDY;4;19;2;8;15541,00;5995,00;21536,00;2863,00;817,95;3885;5
MME A. CROUIN;1;6;1;3;15370,00;6916,00;22286,00;2896,00;2561,67;15370;6
MME C. O'HALLORAN;8;32;0;14;15193,00;4925,00;20118,00;2030,00;474,78;1899;4
A. RENAULT;1;7;1;4;15132,00;6808,00;21940,00;2849,00;2161,71;15132;7
MME N. GARDE DUBORD;5;29;2;12;15112,00;4501,00;19613,00;2282,00;521,10;3022;6
K. PLISSON;4;16;1;7;15106,00;6236,00;21342,00;2809,00;944,13;3776;4
A. MONTAUBAN VAN SWIJNDREGT (S);5;22;1;9;14961,00;6732,00;21693,00;2817,00;680,05;2992;4
M. WEISS;4;6;0;4;14920,00;1608,00;16528,00;673,00;2486,67;3730;2
D. DE WAELE;4;24;0;13;14892,00;6698,00;21590,00;2801,00;620,50;3723;6
SIR M. PRESCOTT;2;2;0;1;14640,00;0,00;14640,00;0,00;7320,00;7320;1
D. O'BRIEN;2;2;0;1;14640,00;0,00;14640,00;0,00;7320,00;7320;1
E. LYON;7;13;0;7;14350,00;3726,00;18076,00;1559,00;1103,85;2050;2
A. PEAN (S);6;17;0;7;14342,00;6722,00;21064,00;2773,00;843,65;2390;3
R. VARIAN;5;5;0;1;14275,00;0,00;14275,00;0,00;2855,00;2855;1
L. BOUTAULT;2;23;1;9;14191,00;5912,00;20103,00;2306,00;617,00;7096;12
MME G. GUILLARD;1;8;0;5;14164,00;5991,00;20155,00;2643,00;1770,50;14164;8
N.DE LAGENESTE;5;6;1;5;14100,00;573,00;14673,00;2509,00;2350,00;2820;1
P. BAUDRY;1;7;2;4;14070,00;6331,00;20401,00;2649,00;2010,00;14070;7
P. VAN DE WEIJER;1;7;1;4;14066,00;6329,00;20395,00;2649,00;2009,43;14066;7
C. LECRIVAIN;9;15;1;6;14030,00;6312,00;20342,00;1858,00;935,33;1559;2
MME M. BRISET-AIGUEPERSE;11;25;0;8;13970,00;2961,00;16931,00;2559,00;558,80;1270;2
MME E. BAZIRE;7;15;1;7;13890,00;720,00;14610,00;2504,00;926,00;1984;2
B. GROSFILS;1;4;2;1;13880,00;0,00;13880,00;2498,00;3470,00;13880;4
P. DUFRECHE;2;9;1;3;13730,00;6177,00;19907,00;2586,00;1525,56;6865;5
MME E. JOHNSON HOUGHTON;1;1;0;1;13650,00;0,00;13650,00;0,00;13650,00;13650;1
J. NUYTS;2;12;1;3;13520,00;0,00;13520,00;0,00;1126,67;6760;6
MME J. HARRINGTON;1;1;1;0;13500,00;10125,00;23625,00;3071,00;13500,00;13500;1
E. ZAHARIEV;4;7;1;0;13500,00;6075,00;19575,00;2544,00;1928,57;3375;2
MME R. WEISSMEIER;5;24;1;9;13450,00;5109,00;18559,00;2263,00;560,42;2690;5
M. GONZALEZ (S);2;15;0;8;13248,00;5960,00;19208,00;2493,00;883,20;6624;8
MME T. PUITG;5;12;1;5;13227,00;0,00;13227,00;2351,00;1102,25;2645;2
MME A. SAINJON;2;7;2;2;13225,00;0,00;13225,00;2380,00;1889,29;6612;4
MME A. VIGREUX;7;15;1;3;13180,00;3852,00;17032,00;2443,00;878,67;1883;2
CG. COX;2;2;0;2;13020,00;0,00;13020,00;0,00;6510,00;6510;1
MME C. RONDELE-LANCELIN;2;11;1;6;12876,00;5793,00;18669,00;2424,00;1170,55;6438;6
MME N. VERMEULEN;2;11;1;5;12810,00;5512,00;18322,00;1508,00;1164,55;6405;6
B. RECHER;3;22;0;9;12792,00;5394,00;18186,00;2384,00;581,45;4264;7
MME A. PACCIONI JEGO;2;5;1;4;12715,00;5720,00;18435,00;2394,00;2543,00;6358;3
N. CHEVALIER;9;19;1;5;12475,00;0,00;12475,00;2115,00;656,58;1386;2
G. RIVASES;1;16;0;7;12385,00;9288,00;21673,00;2814,00;774,06;12385;16
W. VAITILINGOM;5;25;2;6;12340,00;5553,00;17893,00;2322,00;493,60;2468;5
MLG. DE CARVALHO;6;17;0;4;12310,00;5539,00;17849,00;2319,00;724,12;2052;3
MME M. GILET;2;7;1;2;12300,00;5535,00;17835,00;1514,00;1757,14;6150;4
JC. CAZAKO;5;34;1;15;12295,00;5735,00;18030,00;2337,00;361,62;2459;7
MME D. DOMMINGER;4;16;1;6;12186,00;5481,00;17667,00;2293,00;761,63;3046;4
B. HELLIER;2;10;1;2;12180,00;5481,00;17661,00;2294,00;1218,00;6090;5
PJ. CARLOTTI;1;4;1;3;12125,00;0,00;12125,00;2182,00;3031,25;12125;4
MME M. BRUERE;4;26;0;15;12096,00;3310,00;15406,00;1623,00;465,23;3024;7
K. KEREKES;8;27;1;4;12095,00;2517,00;14612,00;1053,00;447,96;1512;3
A. TATARD;2;6;2;3;12025,00;3048,00;15073,00;2115,00;2004,17;6012;3
D. TOROK;4;8;1;3;12015,00;2898,00;14913,00;1659,00;1501,88;3004;2
MME C. ERNI;4;5;1;2;11936,00;8154,00;20090,00;2610,00;2387,20;2984;1
G. FABRE;8;15;1;5;11900,00;0,00;11900,00;2119,00;793,33;1488;2
F. SEGUIN;5;28;0;12;11829,00;5321,00;17150,00;2224,00;422,46;2366;6
MME A. CASAROLI;2;10;0;8;11810,00;0,00;11810,00;2125,00;1181,00;5905;5
GER. LECOMTE;1;6;1;5;11740,00;5283,00;17023,00;2209,00;1956,67;11740;6
CHAILLE-CHAILLE & PAMART (S);5;5;3;0;11650,00;0,00;11650,00;1864,00;2330,00;2330;1
O.DE MONTZEY;9;44;0;9;11590,00;7368,00;18958,00;2471,00;263,41;1288;5
L. LARRIGADE;7;14;0;7;11430,00;5458,00;16888,00;1981,00;816,43;1633;2
MME L. LE GEAY;3;10;1;4;11350,00;3397,00;14747,00;2030,00;1135,00;3783;3
S. DERYCKE;2;3;1;1;11100,00;4995,00;16095,00;1367,00;3700,00;5550;2
T. MERCIER;2;19;1;5;10890,00;4225,00;15115,00;1334,00;573,16;5445;10
Z. KOPLIK;9;23;0;10;10681,00;2614,00;13295,00;1288,00;464,39;1187;3
P. KIRBY;8;43;0;12;10580,00;495,00;11075,00;206,00;246,05;1322;5
D. GEORGET;6;13;0;8;10542,00;0,00;10542,00;1849,00;810,92;1757;2
MME K. HOSTE;1;1;1;0;10500,00;4725,00;15225,00;1979,00;10500,00;10500;1
Y. MARIE;3;22;0;11;10410,00;4885,00;15295,00;1981,00;473,18;3470;7
L. CARBERRY (S);6;9;0;6;10395,00;3284,00;13679,00;1657,00;1155,00;1732;2
MME S. RETIF;1;9;1;4;10390,00;4135,00;14525,00;1922,00;1154,44;10390;9
H. MERIENNE (S);7;10;0;6;10385,00;810,00;11195,00;1882,00;1038,50;1484;1
A. TSERETELI;4;4;1;1;10300,00;5325,00;15625,00;1850,00;2575,00;2575;1
W. KUJATH;1;6;2;1;10050,00;0,00;10050,00;0,00;1675,00;10050;6
MME F. AESCHBACHER;4;11;0;5;10000,00;5820,00;15820,00;2055,00;909,09;2500;3
J. MARION (S);10;28;0;12;9990,00;180,00;10170,00;1693,00;356,79;999;3
MME J. HENDRIKS;10;33;0;8;9881,00;4444,00;14325,00;1729,00;299,42;988;3
N. TERRASSIN;2;5;1;2;9600,00;0,00;9600,00;1728,00;1920,00;4800;3
G. SNIJDERS;1;11;0;8;9556,00;4300,00;13856,00;1797,00;868,73;9556;11
JV. CHAIGNON;9;20;1;3;9484,00;4578,00;14062,00;1837,00;474,20;1054;2
MME M. PRUNET-FOCH;4;15;0;5;9370,00;0,00;9370,00;1686,00;624,67;2342;4
J. ZULIANI;5;14;0;9;9315,00;0,00;9315,00;1655,00;665,36;1863;3
M. DEMO;2;4;0;2;9240,00;4788,00;14028,00;1357,00;2310,00;4620;2
MME L. POIREAU;2;7;0;4;9125,00;0,00;9125,00;1642,00;1303,57;4562;4
J. BOURGEAIS;4;19;0;8;9112,00;4098,00;13210,00;1714,00;479,58;2278;5
A. LEZAMA MENENDEZ;4;21;0;5;9010,00;4054,00;13064,00;1696,00;429,05;2252;5
P. AZZOPARDI;2;8;1;0;9000,00;4050,00;13050,00;1696,00;1125,00;4500;4
NP. LITTMODEN;1;2;1;0;9000,00;4050,00;13050,00;1696,00;4500,00;9000;2
O. BRIAND;2;7;2;1;8925,00;1710,00;10635,00;1536,00;1275,00;4462;4
A. BOLTE;4;6;0;4;8915,00;2088,00;11003,00;571,00;1485,83;2229;2
F. CARNEVALI;8;39;0;8;8822,00;1648,00;10470,00;486,00;226,21;1103;5
MME S. VERMEERSCH;2;12;0;5;8810,00;3964,00;12774,00;1658,00;734,17;4405;6
P. ATTWATER;1;1;0;1;8780,00;0,00;8780,00;0,00;8780,00;8780;1
W. MENUET (S);13;16;1;5;8760,00;663,00;9423,00;1485,00;547,50;674;1
JL. FOURSANS-BOURDETTE;3;22;0;7;8729,00;3928,00;12657,00;1509,00;396,77;2910;7
J. CALDERON ROMERO;2;11;0;6;8704,00;3915,00;12619,00;1637,00;791,27;4352;6
GARY & JOSH MOORE;2;2;1;0;8700,00;3915,00;12615,00;1639,00;4350,00;4350;1
MME T. LETORT;3;9;1;4;8670,00;0,00;8670,00;1458,00;963,33;2890;3
MME S. GEFFRIAUD;8;14;0;7;8666,00;2950,00;11616,00;1598,00;619,00;1083;2
MME V. GIACOMONI;2;9;0;6;8630,00;0,00;8630,00;1553,00;958,89;4315;5
MME P. GRUBER;1;13;0;6;8508,00;3828,00;12336,00;1600,00;654,46;8508;13
B. EBERLE;2;13;0;7;8470,00;3810,00;12280,00;1594,00;651,54;4235;7
P. AUCHERE;4;9;0;4;8410,00;3424,00;11834,00;1562,00;934,44;2102;2
JP. CARVALHO;8;22;0;6;8382,00;3324,00;11706,00;1087,00;381,00;1048;3
A. BRENCKLE;2;8;0;5;8280,00;3006,00;11286,00;1514,00;1035,00;4140;4
MME A. VENTENA ALVES;4;32;1;5;8246,00;934,00;9180,00;1386,00;257,69;2062;8
U. SCHWINN;12;43;0;12;8068,00;3627,00;11695,00;1430,00;187,63;672;4
K. SANSEN;2;15;1;2;7950,00;0,00;7950,00;0,00;530,00;3975;8
R. HANNON;5;5;0;2;7945,00;0,00;7945,00;0,00;1589,00;1589;1
S. VAN VLAENDEREN;4;17;1;3;7920,00;3563,00;11483,00;1491,00;465,88;1980;4
MME M. SOLIGNAC;9;31;0;8;7860,00;1849,00;9709,00;1372,00;253,55;873;3
P. CHEVILLARD;2;9;0;4;7826,00;3521,00;11347,00;1474,00;869,56;3913;5
A. LOTOUT;3;17;0;7;7800,00;1732,00;9532,00;1374,00;458,82;2600;6
A. SAGOT;4;14;0;4;7675,00;3453,00;11128,00;1444,00;548,21;1919;4
C. DOMALAIN;2;10;0;6;7641,00;3100,00;10741,00;1074,00;764,10;3820;5
J. BERTIN;1;6;1;1;7600,00;3420,00;11020,00;1432,00;1266,67;7600;6
A. NUNEZ;1;1;0;1;7545,00;0,00;7545,00;0,00;7545,00;7545;1
MME S. STEINBERG;6;10;1;0;7500,00;3375,00;10875,00;1413,00;750,00;1250;2
G. HOUBEN;1;3;1;0;7500,00;3375,00;10875,00;924,00;2500,00;7500;3
E. PUENTE SIMON;8;32;1;4;7495,00;3088,00;10583,00;1292,00;234,22;937;4
J. VAN HANDENHOVE;4;15;0;6;7480,00;3365,00;10845,00;1406,00;498,67;1870;4
F. KENNEL;1;8;1;2;7436,00;1433,00;8869,00;1279,00;929,50;7436;8
J. DELAUNAY (S);5;8;1;3;7435,00;668,00;8103,00;1277,00;929,38;1487;2
MME F. CHENU;4;26;0;11;7432,00;1997,00;9429,00;1310,00;285,85;1858;7
CH. DUBOURG (S);2;6;0;5;7415,00;0,00;7415,00;1334,00;1235,83;3708;3
PAUL & OLIVER COLE;1;3;0;2;7410,00;5557,00;12967,00;1101,00;2470,00;7410;3
M. BARBA;1;4;1;2;7400,00;3330,00;10730,00;911,00;1850,00;7400;4
MME L. LECLERCQ;4;15;0;5;7386,00;0,00;7386,00;0,00;492,40;1846;4
D. MENUISIER;7;7;0;3;7367,00;3138,00;10505,00;918,00;1052,43;1052;1
MME K. GERNREICH;10;24;0;6;7334,00;244,00;7578,00;74,00;305,58;733;2
D. O'MEARA;1;1;0;1;7320,00;3294,00;10614,00;902,00;7320,00;7320;1
R. ROELS;3;13;0;3;7242,00;3258,00;10500,00;1364,00;557,08;2414;4
P. LE GEAY;2;6;1;0;7200,00;3240,00;10440,00;1357,00;1200,00;3600;3
R. ROHNE;6;12;1;2;7200,00;5400,00;12600,00;1637,00;600,00;1200;2
MME R. TOUDIC-GOURDON;1;2;1;0;7200,00;3240,00;10440,00;1357,00;3600,00;7200;2
MME J. MERCIER;2;20;0;9;7190,00;2720,00;9910,00;1268,00;359,50;3595;10
MME V. MERCADER;2;12;1;3;7185,00;3233,00;10418,00;1352,00;598,75;3592;6
C. PENELOPE;1;7;1;3;7160,00;3222,00;10382,00;1348,00;1022,86;7160;7
JP. MURTAGH;2;2;0;1;7140,00;0,00;7140,00;0,00;3570,00;3570;1
Y. HEDAN;3;7;1;1;7130,00;3208,00;10338,00;1343,00;1018,57;2377;2
P. LEBLANC;3;8;0;3;7038,00;4438,00;11476,00;1309,00;879,75;2346;3
G. DUMONT;13;38;0;8;7000,00;1452,00;8452,00;913,00;184,21;538;3
M. CHAPURON;1;3;1;2;6950,00;0,00;6950,00;1251,00;2316,67;6950;3
T.DE LAURIERE;4;12;0;4;6940,00;0,00;6940,00;1249,00;578,33;1735;3
MAR. HOFER;10;16;0;3;6806,00;4392,00;11198,00;906,00;425,38;681;2
G. GUILLERMO;8;48;0;9;6738,00;2173,00;8911,00;1213,00;140,38;842;6
MME C. GAVILAN;1;4;1;2;6725,00;4331,00;11056,00;1465,00;1681,25;6725;4
G. LE GLAND;1;4;1;2;6600,00;0,00;6600,00;1056,00;1650,00;6600;4
MME A. BAUDRON;1;6;0;5;6532,00;2938,00;9470,00;1228,00;1088,67;6532;6
FX. CHEVIGNY (S);1;7;0;2;6440,00;0,00;6440,00;0,00;920,00;6440;7
JL. MACE;1;6;0;3;6400,00;2880,00;9280,00;1204,00;1066,67;6400;6
RM. DUPUIS;3;22;0;7;6398,00;738,00;7136,00;401,00;290,82;2133;7
JM. PLASSCHAERT;2;12;0;4;6258,00;0,00;6258,00;0,00;521,50;3129;6
LJN. LOTOUT;2;8;0;5;6220,00;1215,00;7435,00;1071,00;777,50;3110;4
JM. BONNIN;2;10;1;3;5880,00;677,00;6557,00;983,00;588,00;2940;5
H. JUMELLE;2;5;0;4;5805,00;0,00;5805,00;1042,00;1161,00;2902;3
MME A. FRIEBEL;1;3;0;2;5786,00;0,00;5786,00;0,00;1928,67;5786;3
MME S. MOLLER;1;4;0;4;5733,00;0,00;5733,00;0,00;1433,25;5733;4
T. GRIES;1;4;0;3;5720,00;0,00;5720,00;0,00;1430,00;5720;4
R. DEFONTAINE;1;5;0;3;5575,00;2508,00;8083,00;1049,00;1115,00;5575;5
T. VIEL;7;16;0;6;5572,00;1831,00;7403,00;1006,00;348,25;796;2
M. PELLETAN;3;5;0;4;5546,00;3013,00;8559,00;1112,00;1109,20;1849;2
M. SOLIER;2;8;0;5;5495,00;1823,00;7318,00;993,00;686,88;2748;4
MME C. DIAZ;1;10;0;5;5258,00;0,00;5258,00;0,00;525,80;5258;10
J. VERSTREPEN;4;5;0;3;5250,00;540,00;5790,00;226,00;1050,00;1312;1
D. LE GEAY;1;6;1;1;5150,00;630,00;5780,00;863,00;858,33;5150;6
JF. LELIEVRE;2;5;0;4;5113,00;0,00;5113,00;283,00;1022,60;2556;3
N. REMOUE;1;5;0;3;5100,00;2295,00;7395,00;960,00;1020,00;5100;5
J. CHALOUPKA;3;5;0;3;4868,00;2839,00;7707,00;1000,00;973,60;1623;2
A. SEFIANE;1;11;0;3;4858,00;3643,00;8501,00;1104,00;441,64;4858;11
A. BOCQUET;1;6;0;5;4810,00;0,00;4810,00;864,00;801,67;4810;6
R. COSTA-AGUILAR;2;4;0;3;4790,00;1368,00;6158,00;853,00;1197,50;2395;2
MME M. DUCAROUGE;2;11;0;4;4720,00;0,00;4720,00;811,00;429,09;2360;6
MME M. TILLET;1;10;0;6;4708,00;2117,00;6825,00;885,00;470,80;4708;10
PICCHI GALOPPO SRL / A. PICCHI;3;9;0;7;4524,00;739,00;5263,00;309,00;502,67;1508;3
H. FROIDEFOND;2;13;0;8;4515,00;1728,00;6243,00;723,00;347,31;2258;7
L. URBANEK;3;3;1;0;4350,00;0,00;4350,00;696,00;1450,00;1450;1
R. LIMAYRAC;3;13;0;4;4145,00;540,00;4685,00;697,00;318,85;1382;4
H. JEAN LOUIS;2;4;1;1;4065,00;3048,00;7113,00;924,00;1016,25;2032;2
MME S. HAESMANS;3;12;0;5;4000,00;0,00;4000,00;497,00;333,33;1333;4
J. LEONI;1;5;0;2;3990,00;0,00;3990,00;718,00;798,00;3990;5
A. KAHN (S);2;10;0;4;3940,00;1773,00;5713,00;740,00;394,00;1970;5
S. FOUCHER;5;11;0;5;3830,00;536,00;4366,00;387,00;348,18;766;2
PL. GUERIN;2;6;0;2;3780,00;1701,00;5481,00;711,00;630,00;1890;3
F. NICOLLE;3;4;0;3;3660,00;0,00;3660,00;657,00;915,00;1220;1
H. PALMER;1;1;0;1;3660,00;2745,00;6405,00;544,00;3660,00;3660;1
JL. GUILLOCHON;3;9;0;4;3603,00;345,00;3948,00;653,00;400,33;1201;3
C. LEQUIEN (S);10;12;0;2;3590,00;535,00;4125,00;656,00;299,17;359;1
JH. SMITH;2;5;0;2;3556,00;1600,00;5156,00;437,00;711,20;1778;3
F. BORDERIEUX;1;7;0;4;3550,00;1597,00;5147,00;667,00;507,14;3550;7
JF. RACINE;3;19;0;2;3488,00;1569,00;5057,00;656,00;183,58;1163;6
MME V. FRISON;1;6;0;2;3436,00;1546,00;4982,00;646,00;572,67;3436;6
M. ROSSEEL;7;27;0;4;3380,00;986,00;4366,00;413,00;125,19;483;4
JM. JOSSO;1;3;0;2;3310,00;1489,00;4799,00;623,00;1103,33;3310;3
C. LIGEROT;6;14;0;6;3295,00;306,00;3601,00;545,00;235,36;549;2
G. BLOT;3;16;0;4;3261,00;1051,00;4312,00;366,00;203,81;1087;5
MME C. PAPON;2;14;0;4;3200,00;945,00;4145,00;516,00;228,57;1600;7
MME C. JANSSEN;1;12;0;3;3180,00;1431,00;4611,00;598,00;265,00;3180;12
A. LEDUC;2;2;1;0;3150,00;0,00;3150,00;504,00;1575,00;1575;1
JB. ANDREANI;2;3;0;3;3080,00;252,00;3332,00;558,00;1026,67;1540;2
MME S. DELOBELLE;1;6;0;1;3080,00;1386,00;4466,00;580,00;513,33;3080;6
T. JACQUET;2;5;0;3;3060,00;1377,00;4437,00;419,00;612,00;1530;3
A. WEIDLER;2;4;0;1;3000,00;0,00;3000,00;0,00;750,00;1500;2
P. LACROIX;1;8;0;3;2972,00;1336,00;4308,00;559,00;371,50;2972;8
ANGE. TAFANI;2;6;0;3;2950,00;1327,00;4277,00;363,00;491,67;1475;3
C. GUYON;1;5;0;2;2945,00;1325,00;4270,00;554,00;589,00;2945;5
M. NEY;1;1;0;1;2940,00;2205,00;5145,00;668,00;2940,00;2940;1
LD. RACCO;3;7;0;4;2896,00;2172,00;5068,00;656,00;413,71;965;2
MME S. JUTEAU;1;5;0;2;2880,00;0,00;2880,00;518,00;576,00;2880;5
G. LUISI;2;4;0;1;2850,00;0,00;2850,00;0,00;712,50;1425;2
EJ. ARGUINZONES ALVAREZ;1;1;0;1;2745,00;0,00;2745,00;0,00;2745,00;2745;1
R. SCHOOF;1;5;0;2;2744,00;1234,00;3978,00;516,00;548,80;2744;5
MME F. JACOBS;3;5;0;1;2700,00;1215,00;3915,00;508,00;540,00;900;2
GP. LEVY;6;13;0;3;2550,00;0,00;2550,00;429,00;196,15;425;2
DK. WELD;1;1;0;1;2515,00;0,00;2515,00;0,00;2515,00;2515;1
J. LEBOSSE;1;5;0;2;2482,00;1116,00;3598,00;467,00;496,40;2482;5
T. BOIVIN;3;8;0;1;2475,00;0,00;2475,00;445,00;309,38;825;3
S. JEDDARI;3;8;0;3;2440,00;0,00;2440,00;0,00;305,00;813;3
MME G. MATTER;3;14;0;4;2400,00;1079,00;3479,00;371,00;171,43;800;5
E. MOLLOT;1;2;0;2;2400,00;1080,00;3480,00;452,00;1200,00;2400;2
F. RODRIGUEZ PUERTAS;2;2;0;1;2380,00;1071,00;3451,00;448,00;1190,00;1190;1
MME N. SIGAUD;2;11;0;5;2305,00;1037,00;3342,00;314,00;209,55;1152;6
JIM. MARTIN;1;1;0;1;2300,00;1725,00;4025,00;523,00;2300,00;2300;1
MME C. DELORT;2;4;0;3;2285,00;171,00;2456,00;398,00;571,25;1142;2
L. HERVO;2;2;0;2;2215,00;0,00;2215,00;338,00;1107,50;1108;1
D. ZARROLI;2;5;0;3;2204,00;1653,00;3857,00;500,00;440,80;1102;3
C. LEFEBVRE (S);3;3;0;2;2200,00;0,00;2200,00;352,00;733,33;733;1
MME H. MENNESSIER MARTINEZ;4;14;0;1;2120,00;0,00;2120,00;0,00;151,43;530;4
MME J. BIA;1;1;0;1;2100,00;1575,00;3675,00;477,00;2100,00;2100;1
A. ORAIN;3;6;0;1;2100,00;0,00;2100,00;378,00;350,00;700;2
JJ. CHAVARRIAS ARELLANO;1;1;0;1;2100,00;1575,00;3675,00;477,00;2100,00;2100;1
F. LINAN GARCIA;3;3;0;1;2100,00;0,00;2100,00;0,00;700,00;700;1
G. DOYEN;1;3;0;3;2030,00;913,00;2943,00;382,00;676,67;2030;3
AND. ROUSSEL;2;5;0;2;2025,00;0,00;2025,00;364,00;405,00;1012;3
A. NAIL;1;4;0;1;2000,00;0,00;2000,00;360,00;500,00;2000;4
T. DELEGUE;2;4;0;2;1960,00;882,00;2842,00;368,00;490,00;980;2
Y. LE COURTOIS;2;9;0;2;1960,00;342,00;2302,00;335,00;217,78;980;5
MME H. VOCASKOVA;1;1;0;1;1950,00;0,00;1950,00;0,00;1950,00;1950;1
DA. FRIGARA;4;5;0;2;1935,00;0,00;1935,00;348,00;387,00;484;1
D. BERNIER;4;9;0;4;1925,00;0,00;1925,00;344,00;213,89;481;2
JP. SAAVEDRA ALVES;1;3;0;3;1900,00;855,00;2755,00;357,00;633,33;1900;3
P. VENTENA ALVES;2;11;0;3;1895,00;852,00;2747,00;356,00;172,27;948;6
J. BARRAO;2;8;0;2;1825,00;506,00;2331,00;324,00;228,13;912;4
Y. DAUCE;2;3;0;2;1824,00;820,00;2644,00;343,00;608,00;912;2
D. PIETRI;2;3;0;1;1815,00;0,00;1815,00;326,00;605,00;908;2
C. BRUNO;1;4;0;3;1800,00;810,00;2610,00;338,00;450,00;1800;4
MME B. DAHM;4;14;0;4;1759,00;1014,00;2773,00;358,00;125,64;440;4
D. DREYER;1;1;0;1;1700,00;0,00;1700,00;272,00;1700,00;1700;1
L. LEMIERE (S);1;5;0;2;1688,00;758,00;2446,00;317,00;337,60;1688;5
J. BOSSERT;3;6;0;2;1660,00;364,00;2024,00;288,00;276,67;553;2
MME G. MENATO;4;8;0;2;1640,00;0,00;1640,00;262,00;205,00;410;2
ALEX. FRACAS;5;19;0;3;1639,00;737,00;2376,00;307,00;86,26;328;4
Y. PENELOPE;1;6;0;3;1610,00;724,00;2334,00;302,00;268,33;1610;6
CJM. WOLTERS;3;8;0;1;1600,00;0,00;1600,00;0,00;200,00;533;3
SUC. A. ZIMMER;3;3;0;3;1580,00;711,00;2291,00;297,00;526,67;527;1
D. MESLIN;2;4;0;1;1500,00;0,00;1500,00;240,00;375,00;750;2
J. BERTRAN DE BALANDA (S);4;7;0;2;1500,00;1124,00;2624,00;340,00;214,29;375;2
PE. DUBOIS (S);5;5;0;2;1432,00;918,00;2350,00;270,00;286,40;286;1
L. CHABOT;2;6;0;1;1350,00;1012,00;2362,00;307,00;225,00;675;3
C. BLIN;1;9;0;3;1300,00;0,00;1300,00;0,00;144,44;1300;9
JP. RICOCE;3;3;0;2;1260,00;0,00;1260,00;185,00;420,00;420;1
D. BURLET;5;11;0;1;1200,00;540,00;1740,00;226,00;109,09;240;2
J. LEMEE;1;1;0;1;1200,00;0,00;1200,00;216,00;1200,00;1200;1
AJ. BAPTISTA RIBEIRO DE ABREU;4;5;0;1;1200,00;540,00;1740,00;226,00;240,00;300;1
E. LEMAITRE;7;20;0;3;1195,00;300,00;1495,00;220,00;59,75;171;3
G. ADREA;1;5;0;2;1190,00;535,00;1725,00;223,00;238,00;1190;5
A. MAUBON;1;4;0;2;1188,00;534,00;1722,00;223,00;297,00;1188;4
A. BIDON;4;10;0;3;1160,00;522,00;1682,00;218,00;116,00;290;3
B. VIVES;5;21;0;3;1155,00;171,00;1326,00;195,00;55,00;231;4
A. VIEIRA CARVALHO;1;2;0;2;1125,00;0,00;1125,00;202,00;562,50;1125;2
PAT. CHARON;1;8;0;3;1105,00;326,00;1431,00;196,00;138,13;1105;8
JP. DAIREAUX (S);2;4;0;2;1075,00;0,00;1075,00;172,00;268,75;538;2
P. VITEK;1;2;0;1;1050,00;0,00;1050,00;189,00;525,00;1050;2
B. NEDOROSTEK;2;2;0;1;1050,00;0,00;1050,00;0,00;525,00;525;1
J. PAULEN;1;4;0;2;1036,00;0,00;1036,00;0,00;259,00;1036;4
E. SCHULER;1;5;0;2;1000,00;449,00;1449,00;187,00;200,00;1000;5
W. MENIALEC;1;1;0;1;960,00;720,00;1680,00;218,00;960,00;960;1
V. CHATELLIER;4;5;0;1;950,00;0,00;950,00;152,00;190,00;238;1
T. POTTERS;1;1;0;1;880,00;396,00;1276,00;165,00;880,00;880;1
F. BARRAO;3;6;0;2;805,00;0,00;805,00;119,00;134,17;268;2
D. FARLETE GONZALEZ;2;2;0;1;800,00;0,00;800,00;0,00;400,00;400;1
JL. MAROTO-ABASCAL;2;2;0;1;780,00;0,00;780,00;0,00;390,00;390;1
MME M. DESVAUX;4;11;0;1;750,00;0,00;750,00;120,00;68,18;188;3
V. TORLAY;1;9;0;1;750,00;337,00;1087,00;141,00;83,33;750;9
P. HERN;1;1;0;1;720,00;0,00;720,00;115,00;720,00;720;1
S. HARRIS;1;2;0;2;700,00;525,00;1225,00;158,00;350,00;700;2
MME H. DOREAU;1;1;0;1;700,00;0,00;700,00;126,00;700,00;700;1
A. ROUSSEL;2;7;0;2;692,00;185,00;877,00;77,00;98,86;346;4
MME A. MCMAHON-REIDY;2;7;0;1;692,00;311,00;1003,00;130,00;98,86;346;4
D. BAILLIF;3;11;0;2;690,00;130,00;820,00;118,00;62,73;230;4
R. JANSEN;2;4;0;1;680,00;510,00;1190,00;154,00;170,00;340;2
MME D. MAMMIA;1;1;0;1;675,00;0,00;675,00;121,00;675,00;675;1
MME E. MADER;5;11;0;1;652,00;293,00;945,00;80,00;59,27;130;2
S. BOUYSSOU;1;3;0;1;640,00;288,00;928,00;120,00;213,33;640;3
B. DRIEUX;1;1;0;1;616,00;277,00;893,00;116,00;616,00;616;1
C. MOSSE;2;6;0;1;600,00;270,00;870,00;113,00;100,00;300;3
S. BOSSERT;2;6;0;1;600,00;270,00;870,00;113,00;100,00;300;3
W. BEETENS;1;4;0;1;600,00;270,00;870,00;73,00;150,00;600;4
VH. MENDES DOS SANTOS;3;5;0;1;600,00;270,00;870,00;113,00;120,00;200;2
D. BRESSOU;2;2;0;1;595,00;0,00;595,00;95,00;297,50;298;1
LA. URBANO GRAJALES;1;1;0;1;560,00;252,00;812,00;105,00;560,00;560;1
C. LE LAY;1;5;0;1;520,00;234,00;754,00;98,00;104,00;520;5
J. CHALARD;1;7;0;1;519,00;233,00;752,00;97,00;74,14;519;7
MME K. HARMS;1;2;0;1;500,00;0,00;500,00;80,00;250,00;500;2
MME S. MESTRIES;2;8;0;1;480,00;216,00;696,00;90,00;60,00;240;4
JL. RIFFAUD;2;5;0;1;475,00;356,00;831,00;108,00;95,00;238;3
G. DENUAULT (S);2;3;0;1;470,00;0,00;470,00;84,00;156,67;235;2
R. GROCHOWICKI;1;1;0;1;470,00;0,00;470,00;84,00;470,00;470;1
A. VERMEIRE;1;3;0;1;462,00;207,00;669,00;86,00;154,00;462;3
J. RAJA;1;1;0;1;405,00;303,00;708,00;92,00;405,00;405;1
A. HERMANS;1;3;0;1;402,00;0,00;402,00;0,00;134,00;402;3
MME J. BOGAERTS;1;4;0;1;402,00;180,00;582,00;49,00;100,50;402;4
MME A. PELLETANT;1;2;0;1;400,00;180,00;580,00;75,00;200,00;400;2
MME A. DECOUTY;1;5;0;1;400,00;180,00;580,00;75,00;80,00;400;5
MME S. QUERE;4;10;0;1;390,00;175,00;565,00;73,00;39,00;98;3
MME M. AGUILERA PUENTE;1;4;0;1;380,00;171,00;551,00;71,00;95,00;380;4
V. OGER (S);1;2;0;1;380,00;0,00;380,00;60,00;190,00;380;2
JL. BERTIN;1;3;0;1;360,00;0,00;360,00;57,00;120,00;360;3
J. GENDRY;3;4;0;1;360,00;0,00;360,00;0,00;90,00;120;1
D. GLEIZE;2;5;0;1;360,00;0,00;360,00;57,00;72,00;180;3
M. LEHMANN;3;13;0;1;340,00;153,00;493,00;64,00;26,15;113;4
A. ANDRIEU;2;10;0;1;340,00;153,00;493,00;64,00;34,00;170;5
W. ROSCHI;1;4;0;1;320,00;144,00;464,00;60,00;80,00;320;4
MME V. JULIEN;1;3;0;1;290,00;0,00;290,00;46,00;96,67;290;3
K. VERCRUYSSE;1;6;0;1;268,00;120,00;388,00;32,00;44,67;268;6
N. DEVILDER;1;3;0;0;0,00;0,00;0,00;0,00;0,00;0;3
JY. TOUZAINT;1;1;0;0;0,00;0,00;0,00;0,00;0,00;0;1
MME M. MARIN;1;1;0;0;0,00;0,00;0,00;0,00;0,00;0;1
C. BAUER;2;3;0;0;0,00;0,00;0,00;0,00;0,00;0;2
A. COCHARD;1;1;0;0;0,00;0,00;0,00;0,00;0,00;0;1
G. COLLET;1;3;0;0;0,00;0,00;0,00;0,00;0,00;0;3
C. LE VEEL;4;7;0;0;0,00;0,00;0,00;0,00;0,00;0;2
D. LENFANT;2;5;0;0;0,00;0,00;0,00;0,00;0,00;0;3
JY. LEPAGE;1;2;0;0;0,00;0,00;0,00;0,00;0,00;0;2
JP. PERRUCHOT;2;2;0;0;0,00;0,00;0,00;0,00;0,00;0;1
H.DE BROMHEAD;2;2;0;0;0,00;0,00;0,00;0,00;0,00;0;1
D. RABALLAND;4;18;0;0;0,00;0,00;0,00;0,00;0,00;0;5
WP. MULLINS;1;1;0;0;0,00;0,00;0,00;0,00;0,00;0;1
T. ROUMAZEILLES;2;2;0;0;0,00;0,00;0,00;0,00;0,00;0;1
D. RETIF;1;4;0;0;0,00;0,00;0,00;0,00;0,00;0;4
MALI. DROUECHE;1;1;0;0;0,00;0,00;0,00;0,00;0,00;0;1
C. MAYNARD;1;1;0;0;0,00;0,00;0,00;0,00;0,00;0;1
C.VON DER RECKE;1;2;0;0;0,00;0,00;0,00;0,00;0,00;0;2
D. GRANDIN;1;1;0;0;0,00;0,00;0,00;0,00;0,00;0;1
J. STADELMANN;1;1;0;0;0,00;0,00;0,00;0,00;0,00;0;1
RMH. COWELL;1;1;0;0;0,00;0,00;0,00;0,00;0,00;0;1
C. SCHMITZER;1;3;0;0;0,00;0,00;0,00;0,00;0,00;0;3
JR. BRETON;2;2;0;0;0,00;0,00;0,00;0,00;0,00;0;1
G. LUSSON;1;3;0;0;0,00;0,00;0,00;0,00;0,00;0;3
A. WOHLER;1;1;0;0;0,00;0,00;0,00;0,00;0,00;0;1
MME E. GAUDINEAU;1;1;0;0;0,00;0,00;0,00;0,00;0,00;0;1
J. LANGMEIER;1;1;0;0;0,00;0,00;0,00;0,00;0,00;0;1
F. LAGOUCHE;1;3;0;0;0,00;0,00;0,00;0,00;0,00;0;3
W. DELALANDE;2;3;0;0;0,00;0,00;0,00;0,00;0,00;0;2
MME V. DEISS;1;4;0;0;0,00;0,00;0,00;0,00;0,00;0;4
MLW. BELL;1;1;0;0;0,00;0,00;0,00;0,00;0,00;0;1
JR. FANSHAWE;2;2;0;0;0,00;0,00;0,00;0,00;0,00;0;1
L. GIREL;1;1;0;0;0,00;0,00;0,00;0,00;0,00;0;1
S. RENAUD;1;1;0;0;0,00;0,00;0,00;0,00;0,00;0;1
F. MECKES;1;4;0;0;0,00;0,00;0,00;0,00;0,00;0;4
REMY. NERBONNE;1;3;0;0;0,00;0,00;0,00;0,00;0,00;0;3
D. LEFRANT;1;2;0;0;0,00;0,00;0,00;0,00;0,00;0;2
MME C. HENNEL REDON DE BEAUPREAU;1;1;0;0;0,00;0,00;0,00;0,00;0,00;0;1
B. MORENO-NAVARRO;1;4;0;0;0,00;0,00;0,00;0,00;0,00;0;4
JA. REMOLINA DIEZ;1;1;0;0;0,00;0,00;0,00;0,00;0,00;0;1
JP. DELBE;2;4;0;0;0,00;0,00;0,00;0,00;0,00;0;2
MA. LETCHIMY;1;4;0;0;0,00;0,00;0,00;0,00;0,00;0;4
Y. ROUGEGREZ;1;2;0;0;0,00;0,00;0,00;0,00;0,00;0;2
T. DOUMEN;1;4;0;0;0,00;0,00;0,00;0,00;0,00;0;4
MME M. DEFONTAINE;2;3;0;0;0,00;0,00;0,00;0,00;0,00;0;2
S. BIN SUROOR;2;2;0;0;0,00;0,00;0,00;0,00;0,00;0;1
T. CALLEJO-SOLANA;1;1;0;0;0,00;0,00;0,00;0,00;0,00;0;1
MME AM. VERSCHUEREN;1;2;0;0;0,00;0,00;0,00;0,00;0,00;0;2
PD. EVANS;1;1;0;0;0,00;0,00;0,00;0,00;0,00;0;1
P. LERAY;2;3;0;0;0,00;0,00;0,00;0,00;0,00;0;2
F. GUILLOSSOU;2;5;0;0;0,00;0,00;0,00;0,00;0,00;0;3
E. HENDRICKX;1;3;0;0;0,00;0,00;0,00;0,00;0,00;0;3
MME J. CHAPPLE-HYAM;2;2;0;0;0,00;0,00;0,00;0,00;0,00;0;1
O. GROUALLE;1;2;0;0;0,00;0,00;0,00;0,00;0,00;0;2
W. HIMMEL;1;1;0;0;0,00;0,00;0,00;0,00;0,00;0;1
KA. RYAN;1;1;0;0;0,00;0,00;0,00;0,00;0,00;0;1
MME K. SUTER-WEBER;1;1;0;0;0,00;0,00;0,00;0,00;0,00;0;1
D. GUILLIER;1;1;0;0;0,00;0,00;0,00;0,00;0,00;0;1
R. SCHMIDLIN;4;5;0;0;0,00;0,00;0,00;0,00;0,00;0;1
F. CAENEPEEL;1;1;0;0;0,00;0,00;0,00;0,00;0,00;0;1
A. KLEINKORRES;3;3;0;0;0,00;0,00;0,00;0,00;0,00;0;1
M. PELLETANT;2;5;0;0;0,00;0,00;0,00;0,00;0,00;0;3
J. JOUIN;4;4;0;0;0,00;0,00;0,00;0,00;0,00;0;1
D. AMBOS;1;1;0;0;0,00;0,00;0,00;0,00;0,00;0;1
F. FOUQUET;1;2;0;0;0,00;0,00;0,00;0,00;0,00;0;2
AJ. MARTIN;1;1;0;0;0,00;0,00;0,00;0,00;0,00;0;1
T. MESSINA;1;3;0;0;0,00;0,00;0,00;0,00;0,00;0;3
MME N. VOLZ-DEGEL;1;3;0;0;0,00;0,00;0,00;0,00;0,00;0;3
J. OWEN;1;1;0;0;0,00;0,00;0,00;0,00;0,00;0;1
MME E. VARIN;1;2;0;0;0,00;0,00;0,00;0,00;0,00;0;2
MME K. BATAILLE;6;14;0;0;0,00;0,00;0,00;0,00;0,00;0;2
M. LELIEVRE;1;2;0;0;0,00;0,00;0,00;0,00;0,00;0;2
MME E. LAMBERT;2;3;0;0;0,00;0,00;0,00;0,00;0,00;0;2
O. COLE;1;1;0;0;0,00;0,00;0,00;0,00;0,00;0;1
L. LANNOO;2;3;0;0;0,00;0,00;0,00;0,00;0,00;0;2
A. PEREIRA DA SILVA ESA;1;1;0;0;0,00;0,00;0,00;0,00;0,00;0;1
JP. NICOLAS;1;2;0;0;0,00;0,00;0,00;0,00;0,00;0;2
NSL. WILLIAMS;3;3;0;0;0,00;0,00;0,00;0,00;0,00;0;1
MME A. ENGELS;1;1;0;0;0,00;0,00;0,00;0,00;0,00;0;1
MME J. JIMENEZ MENA;1;1;0;0;0,00;0,00;0,00;0,00;0,00;0;1
WJ. KNIGHT;1;1;0;0;0,00;0,00;0,00;0,00;0,00;0;1
B. LEVESQUE;3;6;0;0;0,00;0,00;0,00;0,00;0,00;0;2
C. SCHIFF;2;2;0;0;0,00;0,00;0,00;0,00;0,00;0;1
T. BURGIN;1;4;0;0;0,00;0,00;0,00;0,00;0,00;0;4
M. NADOT;2;3;0;0;0,00;0,00;0,00;0,00;0,00;0;2
A. LOREDAN;1;4;0;0;0,00;0,00;0,00;0,00;0,00;0;4
P. VALMY D'HERBOIS;1;4;0;0;0,00;0,00;0,00;0,00;0,00;0;4
MME C. PIETSCH;2;2;0;0;0,00;0,00;0,00;0,00;0,00;0;1
A. SOTO LORING;1;1;0;0;0,00;0,00;0,00;0,00;0,00;0;1
JL. GOMEZ MARTINEZ;2;4;0;0;0,00;0,00;0,00;0,00;0,00;0;2
J. TATE;1;1;0;0;0,00;0,00;0,00;0,00;0,00;0;1
MME G. GERNAY;1;3;0;0;0,00;0,00;0,00;0,00;0,00;0;3
L. GUERIN;2;2;0;0;0,00;0,00;0,00;0,00;0,00;0;1
MME G. FOGLIA;1;1;0;0;0,00;0,00;0,00;0,00;0,00;0;1
OA. ANAYA;1;1;0;0;0,00;0,00;0,00;0,00;0,00;0;1
P. BERTIAUX;1;4;0;0;0,00;0,00;0,00;0,00;0,00;0;4
C. ZSCHACHE;1;1;0;0;0,00;0,00;0,00;0,00;0,00;0;1
MME L. RENAUD;2;4;0;0;0,00;0,00;0,00;0,00;0,00;0;2
D. SOURDEAU DE BEAUREGARD (S);1;1;0;0;0,00;0,00;0,00;0,00;0,00;0;1
P. DECKERS;1;1;0;0;0,00;0,00;0,00;0,00;0,00;0;1
AP. KEATLEY;1;1;0;0;0,00;0,00;0,00;0,00;0,00;0;1
E. METIVIER;5;6;0;0;0,00;0,00;0,00;0,00;0,00;0;1
MME P. DEMORISE;1;2;0;0;0,00;0,00;0,00;0,00;0,00;0;2
M. STEHLI;3;4;0;0;0,00;0,00;0,00;0,00;0,00;0;1
M. JODLOWSKI;1;1;0;0;0,00;0,00;0,00;0,00;0,00;0;1
N. LANTSOGHT;1;2;0;0;0,00;0,00;0,00;0,00;0,00;0;2
D. ALEXANDRE;1;2;0;0;0,00;0,00;0,00;0,00;0,00;0;2
L. DIULEIN;1;3;0;0;0,00;0,00;0,00;0,00;0,00;0;3
J. MOON;4;9;0;0;0,00;0,00;0,00;0,00;0,00;0;2
V. JOUET;1;1;0;0;0,00;0,00;0,00;0,00;0,00;0;1
D. COTTIN (S);1;1;0;0;0,00;0,00;0,00;0,00;0,00;0;1
M. BOUCKAERT;4;15;0;0;0,00;0,00;0,00;0,00;0,00;0;4
D. LOUGHNANE;1;1;0;0;0,00;0,00;0,00;0,00;0,00;0;1
MME S. LAVAL;1;1;0;0;0,00;0,00;0,00;0,00;0,00;0;1
MME M. VAN DEN WEGHE;1;5;0;0;0,00;0,00;0,00;0,00;0,00;0;5
S. SCHONDORF;1;1;0;0;0,00;0,00;0,00;0,00;0,00;0;1
A. LEFEUVRE (S);3;5;0;0;0,00;0,00;0,00;0,00;0,00;0;2
D. VAN DYCK;2;4;0;0;0,00;0,00;0,00;0,00;0,00;0;2
M. COX;1;3;0;0;0,00;0,00;0,00;0,00;0,00;0;3
MME L. PAUWELS;1;1;0;0;0,00;0,00;0,00;0,00;0,00;0;1
MME M. PINEDA;1;2;0;0;0,00;0,00;0,00;0,00;0,00;0;2
JE. MORICE;1;2;0;0;0,00;0,00;0,00;0,00;0,00;0;2
BV VAN DEN TROOST;1;1;0;0;0,00;0,00;0,00;0,00;0,00;0;1
J. PLOUGANOU (S);2;3;0;0;0,00;0,00;0,00;0,00;0,00;0;2
MME D. CALLEBAUT;1;5;0;0;0,00;0,00;0,00;0,00;0,00;0;5
MME S. RAKOTONIAINA;2;3;0;0;0,00;0,00;0,00;0,00;0,00;0;2
EM. VERHEIJ;1;2;0;0;0,00;0,00;0,00;0,00;0,00;0;2
MME M. BAILLEUL;2;5;0;0;0,00;0,00;0,00;0,00;0,00;0;3
HARRY CHARLTON;1;1;0;0;0,00;0,00;0,00;0,00;0,00;0;1
JR. LE MOINE (S);2;3;0;0;0,00;0,00;0,00;0,00;0,00;0;2
MME M. BALLY;1;1;0;0;0,00;0,00;0,00;0,00;0,00;0;1
MME E. LASSERRE;1;2;0;0;0,00;0,00;0,00;0,00;0,00;0;2
C. JOHNSTON;2;2;0;0;0,00;0,00;0,00;0,00;0,00;0;1
MME W. SZCZESNIAK;1;6;0;0;0,00;0,00;0,00;0,00;0,00;0;6
MME P. MADIOT;1;1;0;0;0,00;0,00;0,00;0,00;0,00;0;1
MME S. JACQ;1;2;0;0;0,00;0,00;0,00;0,00;0,00;0;2
K. GEERTS;1;1;0;0;0,00;0,00;0,00;0,00;0,00;0;1
T. BOKORI;1;1;0;0;0,00;0,00;0,00;0,00;0,00;0;1
J. MORLAND;2;2;0;0;0,00;0,00;0,00;0,00;0,00;0;1
Y. KUROIWA;1;1;0;0;0,00;0,00;0,00;0,00;0,00;0;1
